Group_Industry,Combined_Vocab,Word_Count
advertising,"activity, advertising, art, aspects, attention, awareness, brand, businesses, campaigns, communication, content, copywriter, creative, customer, detail, develop, director, distribute, distributor, executive, flyers, hold, holder, implement, interaction, leadership, leaflet, management, marketing, materials, media, oversee, persuasion, physical, planning, project, promote, reliability, research, sign, skills, stamina, strategic, team, thinking, time, tolerance, visual, weather, write",50
aerospace,"aerodynamics, aerospace, aircraft, analysis, assessment, asteroid, cad, capable, coordinate, data, debris, design, earth, elevator, engineering, environmental, exploration, extracting, extreme, flight, habitable, humans, hypersonic, innovation, make, management, materials, mathematical, mechanics, mining, mission, modeling, monitor, movements, orbital, physics, planetary, planets, planner, planning, predict, problem, project, resources, risk, science, skills, solving, space, spacecraft, specialist, speeds, strategic, systems, technical, terraforming, testing, tracker, transportation",59
agriculture,"adoption, advise, agriculture, aircraft, analysis, ancient, animal, antique, aquaculture, aquaponics, aquatic, assess, attention, aviation, awareness, bee, beekeeper, biology, botany, breeds, catch, chemical, city, colonies, commercial, communication, conservation, conservationist, consultant, control, crop, cultivate, customer, data, dense, detail, digital, duster, endangered, environmental, environments, equipment, exotic, farm, farmer, fields, fish, fisherman, flying, food, fruit, genetics, gps, grain, grapes, grow, grower, guardian, harvest, healing, health, heirloom, herbs, heritage, historical, honey, horticulture, husbandry, hydroponics, implement, improve, indoor, innovation, knowledge, livestock, maintenance, management, markets, medicine, microgreen, miller, mushroom, mycology, navigation, nutrient, operation, optimize, organisms, oversee, perform, physical, pilot, planning, plants, practices, precision, preserve, problem, processing, production, project, protect, purposes, quality, raise, rare, regenerative, research, restaurants, restore, safety, science, seafood, seasonal, service, skills, soil, solving, specialist, spray, stamina, sustainable, systems, tasks, technology, thinking, time, together, tomato, traditional, tree, urban, use, varieties, vegetables, vertical, viticulturist, water, weather, wheat, wine, work, worker, young",144
animal,"animal, assist, attention, behavior, behaviorist, care, cleaning, communication, companion, counseling, counselor, detail, empathy, equipment, families, grief, handling, kennel, loss, medical, medicine, modify, observation, patience, patient, patterns, pet, physical, problem, procedures, psychology, research, shelters, skills, solving, stamina, study, support, technician, understanding, veterinarians, veterinary, worker",43
architecture,"3d, architect, architecture, buildings, communication, construction, create, creativity, design, energy, engineering, environmental, friendly, green, immersive, landscape, living, management, modeling, oversee, previews, problem, project, reality, reasoning, roof, science, skills, solving, spatial, structures, sustainable, systems, technology, virtual, visualizer",36
art,"analysis, animal, appraiser, art, artisanal, artistic, arts, attention, auction, authenticate, awareness, behavior, blacksmith, blower, botanical, botany, capturing, ceramic, choreography, city, collections, communication, companion, coordination, craft, craftsmanship, create, creativity, cultural, curator, customer, dance, data, decorative, detail, dexterity, digital, drawing, drawings, dyer, earth, earthquakes, educational, evaluate, fiber, fieldwork, flowers, forge, functional, geology, glass, handicraft, historical, history, house, illustrator, instructor, items, knowledge, manage, manual, materials, mathematical, media, metal, modeling, movements, museum, natural, objects, observational, organization, patience, pet, physical, plants, portrait, potter, pottery, problem, programs, project, representations, research, safety, scenes, scientific, seismologist, select, service, shape, sketching, skills, solving, stamina, students, study, teach, techniques, textile, traditional, urban, using, valuable, valuation",105
automotive,"activity, analysis, assist, attendant, attention, auto, automotive, autonomous, basic, car, cash, charging, cleaning, continuous, customer, data, detail, dexterity, diagnose, diagnostics, driving, electric, engineering, ev, fuel, gas, handling, labor, learning, logical, maintain, manual, mechanic, physical, problem, protocols, reasoning, repair, safety, self, service, solving, station, systems, teamwork, technician, techniques, technology, test, tester, using, validate, various, vehicle, wash",55
aviation,"aerial, air, aircraft, applications, assessment, attendant, attention, aviation, awareness, comfort, communication, controller, cultural, customer, decision, detail, direct, drone, ensure, flight, making, management, movement, multitasking, operate, passenger, pilot, protocols, regulations, remote, safety, sensitivity, service, skills, stress, technical, traffic, unmanned, various, vehicles, weather",41
biotechnology,"3d, applications, artificial, attention, biocomputer, biology, bioluminescent, bioprinting, biorefinery, chemical, components, computing, convert, create, design, detail, develop, engineer, environmental, innovation, knowledge, lighting, living, manufacture, materials, medical, operate, organisms, printers, printing, problem, process, producer, products, programmer, programming, science, silk, skills, solving, spider, sustainable, synthetic, systems, technical, technician, technology, tissues, using, various, waste",51
service,"3d, access, accessible, accounts, accuracy, accurate, active, activities, activity, acumen, adaptability, adaptation, addresses, adherence, administrative, adobe, advise, advisor, advocacy, advocate, affected, agent, agriculture, aide, allocation, alter, amendments, analysis, analyst, analytical, analyze, ancestral, ancestry, animal, answering, appearance, appointments, aptitude, aquarium, aquatic, artistic, assess, assessment, assets, assistant, atmosphere, atmospheric, attendant, attention, attorney, audit, authority, awareness, away, bailiff, bank, basic, bees, behavior, beneficial, benefits, best, biochar, biodiversity, biology, bookkeeper, botany, brand, budget, build, buildings, business, businesses, butterfly, calendar, calls, capture, carbon, care, carrier, case, cave, chain, change, chaser, chat, chemical, chemistry, city, clean, cleaner, cleaning, cleanliness, clerk, client, climate, climbing, clocks, clothing, co2, coaching, cobbler, collection, color, commercial, communication, company, complex, compliance, composition, computer, concentration, conduct, confidentiality, conflict, connections, conservation, conservationist, consultant, consulting, containers, content, contract, coordinate, coordination, coordinator, copy, coral, cost, counsel, counseling, court, courtrooms, craftsmanship, create, creativity, credit, crimes, criminal, crisis, crm, cross, cultivate, cultural, curator, cushions, customer, daily, damaged, data, database, deaf, death, decision, deliver, design, designer, desk, detail, develop, dexterity, digital, director, disaster, discretion, distance, distribute, distribution, diversity, diving, document, documentation, dog, eco, ecology, economic, ecosystems, edible, edit, educational, efforts, email, emergency, empathy, engineering, ensure, enterprises, entomology, entrepreneurs, entry, environmental, environments, equipment, estate, ethical, etiquette, evaluate, event, excellence, executives, executor, exercise, experience, expert, exterior, extreme, facilitate, facilities, families, family, fieldwork, filing, financial, fish, fitness, flooding, flows, fluency, focused, fold, food, forager, forecaster, forensic, fraud, freedoms, friendly, front, functional, funeral, furniture, future, garden, garments, gathering, genealogist, genealogy, general, generations, genetic, glass, goods, graphic, greet, greywater, grief, grieving, groomer, grooming, guide, guidelines, habitat, handle, handling, harvest, hearing, heirloom, help, heritage, historical, histories, horticulture, house, household, housekeeping, hr, identify, identities, immersive, immigration, impact, implement, improvement, independent, indigenous, individuals, information, initiatives, innovation, input, inquiries, insects, intellectual, intelligence, interior, international, interpreter, investigate, ip, issues, items, janitor, journey, junior, justice, keeper, keeping, knowledge, labor, language, laundry, law, lawyer, lead, leadership, leather, legacy, legal, lifting, listening, living, location, love, machine, mail, maintain, maintenance, making, manage, management, manual, mapping, marine, marketing, material, materials, mathematical, matters, media, meteorology, methods, microsoft, miniature, modeling, mover, moving, multitasking, native, natural, navigation, need, negotiation, nomad, notary, office, officer, offices, offsets, online, operate, operation, operations, optimization, order, organic, organization, organizational, organize, oversee, pack, packages, paralegal, passes, patent, patience, patterns, people, perform, permaculture, persistence, personal, pet, pets, phenomena, phone, photographs, photography, physical, plan, planner, planning, plant, platforms, plumbing, policy, pollinator, pool, populations, powerbi, practice, practices, precision, predict, preparation, prepare, presence, preservation, preserve, print, privacy, private, problem, procedures, proceedings, process, procurement, product, production, professional, proficiency, programming, project, promote, properties, property, protect, protocols, provide, psychological, psychologist, public, purchase, purposes, quantify, rain, rainforest, rainwater, reality, reasoning, receptionist, recommend, record, records, recovery, recycling, reduce, reef, regulations, regulatory, rehabilitate, relations, relationship, reliability, relief, remote, remove, repair, repairs, report, reporting, representative, requests, requirements, rescue, rescuer, research, residential, resolution, resolve, resource, response, responsibility, restoration, restore, retention, returns, reupholster, reuse, revenue, rights, risk, river, rope, routine, safety, sales, sanitation, satisfaction, save, scheduling, schemes, science, scientific, scientist, security, seed, senior, sequestering, server, service, services, severe, shoes, sign, signings, site, skills, small, social, software, soil, solutions, solving, someone, sort, sovereignty, spaces, spas, spatial, speaking, specialist, species, speed, spoken, sql, staff, stakeholder, stamina, statistical, storage, storm, strategic, strategy, stream, strength, stress, structures, study, success, suite, supply, support, surfaces, sustainability, swimming, systems, tableau, tailor, tall, tanks, tax, teach, teaching, teams, teamwork, tech, technical, technician, techniques, technology, terrarium, testimony, theory, thinking, time, timepieces, tool, tours, trace, track, trade, traditional, trainer, training, translate, transport, treatment, tropical, typing, underground, understanding, upholsterer, urban, usage, use, using, utilize, valuer, varieties, various, vendor, verify, via, victim, virtual, visa, visitors, visual, walker, waste, wastewater, watchmaker, water, weather, wetland, window, within, witness, work, worker, workers, writing, written",603
construction,"advise, air, allow, architecture, assist, attention, awareness, biocement, biology, builder, building, carpenter, codes, communication, compliance, concrete, conditioning, construction, consultant, craft, craftsmanship, creativity, cultural, customer, design, detail, develop, dexterity, drainage, eco, electrical, electrician, engineer, environmental, evaluate, fixtures, following, friendly, furniture, green, healing, heating, heritage, historical, homes, house, hvac, innovation, inspector, install, instructions, labor, leadership, living, logical, manage, manual, materials, mobile, oversee, pavement, permeable, physical, plumber, plumbing, practices, preserve, problem, projects, protocols, reasoning, repair, safety, scale, science, self, service, skills, small, solving, spaces, spatial, specialist, stamina, standards, structures, surfaces, sustainable, systems, teaching, teams, teamwork, technical, technician, techniques, time, tiny, tool, traditional, usage, ventilation, water, wooden",103
consulting,"500, adapt, adopt, advise, advisory, analysis, analytics, awareness, business, careers, change, client, communication, companies, consultant, cultural, data, digital, emerging, executives, expert, expertise, focused, fortune, future, guide, help, independent, industry, innovation, lead, leadership, location, management, marketing, new, nomad, online, optimize, organizations, performance, planning, presentation, principal, problem, processes, provide, remote, senior, services, skills, solving, strategic, strategy, tech, technology, thinking, transformation, travel, understand, workers",61
corporate governance,"communication, develop, ethics, leadership, officer, organizational, oversee, problem, programs, reasoning, skills, solving, training",13
cosmetics,"analysis, blending, chemistry, compositions, create, creative, fragrances, knowledge, market, olfactory, perfumer, scent, sensory, skills, trends",15
cultural heritage,"analysis, ancient, archaeologist, archaeology, archivist, artifacts, attention, book, civilizations, communication, craftsmanship, create, creativity, cultural, curator, data, detail, dexterity, digital, diving, documents, educational, experiences, heritage, historical, immersive, information, knowledge, management, manual, manuscripts, marine, materials, metadata, methods, museum, organize, patience, preserve, problem, rare, reality, records, repair, research, restorer, science, sites, skills, solving, standards, study, technical, technology, texts, underwater, use, virtual",58
economics,"analytical, analyze, communication, critical, data, ecological, economic, economist, environmental, health, mathematical, problem, reasoning, relationship, research, science, skills, solving, study, systems, thinking, trends",22
education,"3d, adaptability, administrator, analysis, analyst, analytics, analyze, areas, art, aspects, assessment, assist, assurance, attention, awareness, bootcamp, bugs, build, care, check, child, childcare, children, classes, classroom, coding, communication, computer, connection, content, control, course, create, creation, creativity, critical, cultural, curator, curriculum, customer, cybersecurity, data, daycare, design, detail, development, digital, dynamics, edtech, education, elementary, empathy, engaging, ensure, environmental, events, expeditions, experience, expertise, facilitator, find, foraging, foster, grades, group, guide, help, high, historian, historical, identification, immersive, implement, individuals, information, innovation, instructional, instructor, integrator, intensive, interactive, journeys, knowledge, language, lead, learning, lesson, librarian, library, linguistics, literacy, maintain, management, matter, meet, mentor, modeling, mushroom, mycology, navigate, needs, new, nurture, online, operations, organization, patience, patrons, planning, platforms, populations, privacy, problem, producer, production, proficiency, programs, protocols, quality, quizzes, reality, remote, reporting, research, resources, reviewer, safety, school, science, score, security, select, sensitivity, service, sessions, settings, skills, solving, specialist, specialized, specific, standards, students, subject, supervise, support, sustainability, systems, teacher, teaching, technical, techniques, technology, tester, tests, theory, thinking, tools, topics, training, trends, troubleshooting, tutor, underserved, users, ux, via, video, virtual, worker, workshop, writing, young",173
energy,"analysis, analyst, assess, attention, auditor, awareness, based, cell, clean, communication, data, design, detail, develop, developer, dexterity, diagnostics, differences, efficiency, electrical, energy, engineering, environmental, equipment, evaluate, farm, finance, financial, fitness, fuel, fusion, harness, home, hydrogen, implement, improvements, innovation, install, interpretation, knowledge, leadership, maintain, maintenance, management, manual, marine, market, modeling, nuclear, ocean, offshore, operations, optimize, oversee, panel, physical, physics, plan, power, problem, project, protocols, recommend, renewable, repair, research, residential, safety, science, skills, solar, solving, specialist, systems, team, technical, technician, temperature, thermal, thermodynamics, troubleshooting, turbine, wind",83
engineering,"attention, awareness, biology, biomechanical, biomedical, cad, change, chemistry, civil, construction, create, critical, design, detail, develop, devices, electrical, engineer, equipment, found, infrastructure, innovation, knowledge, level, management, materials, mathematical, matter, mechanical, medical, metamaterial, molecular, nanotechnology, nature, physics, principles, problem, products, programmable, programming, project, properties, prosthetics, reasoning, safety, science, shape, solving, spatial, supervise, systems, thinking, troubleshoot",53
entertainment,"acting, activity, actor, adaptability, agility, animation, aptitude, artist, artwork, assist, attendant, attention, audiences, audio, based, behavior, book, character, cleaning, clown, collaboration, collect, comic, commercials, communication, control, create, creativity, crew, crowd, customer, decision, design, detail, development, direct, director, discipline, emotional, engineer, entertainment, equipment, escape, events, experience, expression, facilities, film, game, guide, illustrations, innovation, leadership, live, maintain, making, management, media, memorization, movie, music, musician, operate, patience, patrons, perform, physical, problem, production, project, protect, provide, puzzle, recordings, research, riders, rodeo, roles, room, safety, screenwriter, scripts, sequences, service, skills, solving, sound, standing, storytelling, taker, talent, technical, television, theater, theatrical, ticket, time, usher, venues, video, vision, visual, voice, write",104
science,"abstract, activities, activity, adaptability, advanced, affects, ai, algorithms, analysis, analyst, analytical, analyze, anatomy, ancient, anthropologist, anthropology, applications, archaeological, artificial, assistant, astronomer, astronomy, atmospheric, attention, awareness, bacteria, behavior, beneficial, bioinformatics, biological, biologist, brain, celestial, certification, change, chemical, chemist, chemistry, clean, climate, collection, communication, computer, conduct, cosmic, create, critical, crystal, culture, data, deep, detail, detector, develop, devices, dexterity, digital, display, disturbances, diving, dust, earth, ecosystems, effects, electronics, energy, engineering, environment, environmental, equipment, excavation, exoplanet, experiments, forecaster, forecasts, forensic, fossil, friendly, geological, grant, gravitational, gravity, green, health, human, hunter, innovation, intelligence, interactions, interface, interpretation, investigations, knowledge, laboratory, lead, leadership, learning, legal, life, literature, living, logical, machine, manual, marine, materials, mathematical, mathematician, matter, meteorologist, meteorology, methodology, methods, microbiology, microbiome, miniaturization, modeling, monitor, neural, neuroengineering, neuroscience, objects, ocean, operator, organisms, organization, outside, paleontologist, patience, pattern, patterns, phenomena, physicist, physics, planets, political, populations, predict, prepare, problem, procedures, processes, programming, projects, protocols, provide, psychology, publication, python, quantum, reasoning, recognition, remains, repeating, research, review, safety, science, scientific, scientist, search, senior, settings, skills, social, society, sociologist, solar, solving, space, specialist, statistical, statistician, study, support, system, systems, team, technical, technician, techniques, technology, telepathic, tests, theories, thinking, time, use, various, wave, weather, wellness, wireless, writing",194
event planning,"attention, budget, ceremonies, communication, conferences, coordinate, corporate, customer, decorations, detail, digital, equipment, event, execute, facilitate, following, gatherings, instructions, labor, management, moderator, negotiation, online, organize, oversee, physical, planner, planning, problem, producer, project, receptions, remote, sales, secure, service, set, setup, skills, solving, special, sponsors, sponsorship, systems, teamwork, technology, ticketing, time, vendor, virtual, webinars, wedding, worker",53
executive leadership,"acumen, analytics, aspects, awareness, brand, budgeting, building, business, change, chief, communication, comprehensive, corporate, customer, daily, data, decision, define, development, digital, director, divisions, drive, employee, engineering, enterprise, executive, finance, financial, general, go, governance, growth, human, improvement, information, initiatives, innovation, investor, lead, leadership, major, making, management, market, officer, operations, optimization, organization, organizational, overall, oversee, partnerships, performance, planning, president, problem, process, product, relations, resources, responsibility, revenue, risk, sales, senior, solving, strategic, strategy, team, technical, technology, thinking, transformation, unit, vice, vision, visionary, vp",79
facilities management,"activity, assist, attendant, attention, awareness, budgeting, building, cash, cleanliness, communication, compliance, customer, detail, ethic, facilities, handling, janitor, maintain, maintenance, management, operations, parking, physical, planning, safety, sanitation, service, stamina, time, vendor, work",31
fashion,"accessories, adaptability, advise, attention, authenticate, awareness, choices, clothing, color, communication, conscious, consultant, create, creativity, curator, design, detail, discipline, environmental, fashion, fitness, garments, historical, history, impact, innovation, knowledge, markets, minimal, model, photography, physical, preserve, problem, professionalism, research, self, shows, skills, solving, sustainable, textile, theory, trend, various, vintage, visual",47
finance,"accounting, accuracy, activities, acumen, advice, advisor, allocation, analysis, analyst, analytical, analyze, appraiser, assessment, asset, assist, attention, auditor, audits, banking, billing, blockchain, bookkeeping, budget, building, businesses, capital, client, collection, communication, complex, compliance, conduct, controls, corporate, cost, credit, creditworthiness, critical, cryptocurrency, currency, customer, cybersecurity, data, deal, decisions, detail, development, digital, diligence, director, due, ensure, ethical, evaluate, examine, excel, external, file, finance, financial, forecasting, fraud, fund, hedge, independent, individuals, internal, interpretation, investment, junior, keeping, knowledge, law, lead, leadership, legal, management, markets, mathematical, meet, modeling, negotiation, officer, online, operations, organizational, organizations, oversee, partnerships, payment, planner, planning, portfolio, powerpoint, prepare, problem, protect, provide, python, quantitative, reasoning, receivable, recommendations, records, regulatory, relations, relationships, reporting, research, returns, risk, security, senior, service, skills, software, solving, specialist, standards, statement, statistics, strategic, strategy, structuring, support, systems, tasks, tax, team, technology, thinking, trading, transactions, trends, trust, valuation, value, writing",138
fishing,"assessment, awareness, commercial, equipment, fish, fisherman, harvest, maritime, markets, operation, physical, safety, seafood, skills, stamina, weather",16
fitness recreation,"adaptability, awareness, classes, clients, communication, create, design, digital, empathy, environments, exercise, fitness, goal, guidance, immersive, innovation, instruction, instructor, lead, mindfulness, motivation, online, personal, physical, plans, practices, program, provide, reality, safety, setting, skills, teaching, technology, trainer, training, virtual, wellness, yoga",39
food,"aging, agriculture, alcoholic, analysis, area, artificial, artisanal, arts, assessment, assist, attention, awareness, bake, baker, bartender, based, batch, beans, beverages, biology, blender, bread, brewer, busser, butcher, cafeteria, cash, catering, cellular, cheese, chef, chemist, chemistry, chocolates, chocolatier, clean, cleanliness, coffee, combinations, commercial, communication, concession, confections, control, cook, coordinate, craft, cream, create, creativity, culinary, cultural, customer, cut, dairy, desserts, detail, develop, dexterity, dining, dishes, dishwasher, entertainment, environmental, establishments, events, experiences, fast, fermentation, flavor, following, food, forager, frozen, gastronomy, goods, grown, handling, harvest, honored, ice, identify, ingredients, innovation, instructions, inventory, kimchi, kitchen, knowledge, kombucha, lab, leadership, like, maintain, maker, management, manual, meals, meat, memory, methods, microbiology, molecular, monitoring, multitasking, mushroom, mycology, natural, new, non, nutrition, operations, organization, pairing, pastries, physical, pickle, plan, plant, prep, prepare, presentation, preserve, probiotic, problem, process, produce, product, products, profiles, protocols, quality, regulations, research, restaurant, risk, roaster, safety, sale, sanitation, sauerkraut, science, scientist, sell, sensory, serve, service, settings, skills, small, solving, specialist, specialty, speed, staff, stamina, stand, stress, support, tea, teamwork, techniques, temperature, time, traditional, unique, use, using, vegan, vegetarian, venues, waiter, wild, worker",174
forestry,"awareness, commercial, environmental, equipment, forests, harvest, logger, operation, physical, safety, stamina, teamwork, timber, use",14
gaming,"analysis, blackjack, calculation, cards, casino, coach, communication, create, creative, customer, deal, dealer, design, dexterity, esports, experience, game, gameplay, hand, immersive, innovation, leadership, logical, manage, mathematics, mechanics, motivation, overall, performance, players, problem, professional, programming, quick, reality, reasoning, rules, service, solving, strategy, systems, table, team, thinking, train, user, video, virtual, worlds",49
government,"advise, agencies, analysis, analyst, applications, assessment, attendant, attention, awareness, biology, citations, climate, communication, critical, customer, data, detail, educate, enforcement, ensure, environmental, ethical, examiner, facilities, fitness, food, genetically, government, health, inspector, interpretation, issue, keeping, knowledge, leadership, legal, meet, meter, modified, monitor, natural, organism, oversee, parking, patent, physical, policy, problem, protect, ranger, reasoning, record, regulations, regulatory, related, report, research, resources, restaurants, review, risk, safety, science, service, skills, solving, standards, technical, thinking, visitors, walking, writing",72
healthcare,"accuracy, active, address, administrative, advice, advise, affairs, alzheimer, analysis, analyst, analytical, analyze, anatomical, anatomy, animal, applications, aptitude, art, artistic, assessment, assist, attention, awareness, bank, behavioral, billing, bioethicist, bioharmonic, biology, biomedical, biostatistician, blood, brain, breathing, cad, cardiologist, cardiovascular, care, chemistry, cleaning, clients, clinical, coach, coding, cognitive, collection, communication, compassion, complex, compliance, conditions, confidentiality, contact, continuous, control, coordinator, cord, counseling, counselor, create, creativity, crisis, critical, customer, daily, data, decision, dementia, dental, dentists, design, detail, develop, device, dexterity, diagnose, diagnosis, diagnostic, dietary, dietitian, digital, direct, disorders, dispense, document, donation, drawings, drugs, education, emergency, emotional, empathy, encounters, engineer, equine, equipment, ethical, exercise, expertise, eyeglasses, facilitate, fit, frequencies, function, genetic, graphics, groups, guidance, guide, health, healthcare, heart, help, hereditary, home, horses, hygiene, hygienist, illustrator, imaging, individuals, information, injuries, innovation, interventions, invasive, inventory, issues, judgment, knowledge, laboratory, lead, learning, lenses, listening, living, making, management, manual, massage, mathematical, meal, media, medical, medicine, memory, mental, methods, minimally, modeling, moderate, monitor, motivation, multitasking, music, needs, nervous, neurological, neuropsychologist, neuroscience, neurosurgeon, new, nurse, nutrition, occupational, office, online, operations, optician, organization, overnight, oversee, owners, paramedic, patience, patient, patterns, payments, peer, perform, pet, pharmaceutical, pharmacist, pharmacology, philosophy, phobias, physical, planning, platform, precision, preparation, prescription, preventive, privacy, problem, procedures, process, procurement, programming, provide, psychologist, psychology, quality, quick, radiologic, radiologist, reality, reasoning, records, recover, recovery, registered, regulations, regulatory, rehabilitation, related, remote, reporting, research, respiratory, safety, samples, scientific, scientist, scribe, services, settings, skills, sleep, social, solving, specialist, specialized, speech, stamina, statistics, storage, stress, study, support, surgeries, surgical, system, technical, technician, techniques, technologist, technology, terminology, testing, therapeutic, therapist, therapy, thinking, time, tools, tracking, training, transplant, transport, treat, treatment, trial, typing, umbilical, use, veterinarian, via, virtual, vr, wellness, writing",272
hospitality,"activity, analysis, attendant, attention, beverage, clean, communication, conception, coordinate, cruise, customer, detail, director, driving, ensure, entertainment, evaluate, event, execution, facilities, financial, guest, hospitality, hotel, housekeeper, knowledge, leadership, maintain, management, operations, organization, oversee, pairing, park, passengers, physical, plan, planner, problem, recommend, retrieve, rooms, satisfaction, sensory, service, skills, solving, sommelier, stamina, taste, time, valet, vehicles, wine",54
human resources,"accuracy, acquisition, activities, acumen, administration, adult, analysis, analyst, analytics, analyze, app, assessment, ats, attention, auditing, auditor, benefits, building, business, candidates, clerk, communication, company, compensation, compliance, concerns, confidentiality, conflict, content, coordinator, create, creation, creator, culture, curriculum, customer, data, deliver, design, detail, develop, digital, discretion, distributed, diversity, documentation, dynamics, empathy, employee, employment, engagement, enrollment, ensure, environments, excel, experience, facilitator, feedback, follow, guide, handle, health, hire, hr, human, inclusion, initiatives, insurance, interpersonal, interpret, interviewing, issues, laws, lead, leadership, learning, lms, maintain, management, market, materials, mathematical, morale, networking, new, onboarding, online, operations, optimize, organization, organizational, orientation, oversee, partner, payroll, perks, persuasion, policies, positions, presentation, problem, process, programs, promote, provide, psychology, qualified, questionnaires, reasoning, recognition, records, recruit, relations, relationship, remote, reporting, research, resolution, resources, results, reward, roles, scheduling, service, sessions, skills, software, solving, source, specialist, staff, statistical, strategic, strategy, strengthen, structures, study, support, survey, systems, talent, teams, technology, thinking, time, tools, track, trainer, training, units, usage, various, virtual, wellness, work, workforce, workplace, workshops",158
insurance,"advisor, agent, assessment, building, communication, coverage, customer, digital, independent, insurance, knowledge, location, nomad, persuasion, policies, problem, provide, regulations, risk, sell, service, solutions, solving, travel, trust, workers",26
international trade,"attention, awareness, broker, building, clearance, communication, cultural, customs, detail, documentation, export, facilitate, import, international, knowledge, manage, organization, problem, regulatory, relationship, shipments, shipping, solving, specialist, trade",25
jewelry,"attention, certification, detail, examine, gemologist, gemstone, grade, jewelry, knowledge, microscopy, precious, standards, stones",13
landscaping,"aesthetic, appeal, attention, awareness, basic, beautify, communication, coordinate, create, creativity, crew, design, detail, edible, environmental, equipment, facilities, food, gardens, grounds, groundskeeper, horticulture, knowledge, labor, landscaping, leader, leadership, maintain, maintenance, operation, outdoor, perform, physical, planning, plant, problem, produce, projects, safety, solving, spaces, stamina, supervise, sustainability, tasks, teams, teamwork, tolerance, use, weather, worker",51
law enforcement,"analysis, analytical, analyze, attention, cases, collect, communication, computer, crime, criminal, data, detail, develop, digital, ethical, evidence, forensics, investigator, justice, legal, patterns, planning, prevention, problem, procedures, reasoning, recover, research, scene, skills, solving, specialist, strategic, strategies, technical, thinking",36
logistics,"activities, analysis, analyst, analytical, attention, based, chain, clerk, communication, compliance, coordinate, customer, data, delivery, detail, digital, distribution, drone, erp, forecasting, goods, improvement, incoming, inventory, levels, logistics, management, monitor, navigation, networks, online, operations, optimize, organization, physical, piloting, prepare, problem, process, receiving, reporting, safety, service, shipments, shipping, solving, specialist, stamina, stock, supply, systems, technology, thinking, time, track, transportation",56
manufacturing,"3d, analysis, analytical, applications, artisanal, assemble, assurance, atom, attention, awareness, build, cad, candle, care, chemistry, communication, compliance, control, cosmetics, craftsmanship, create, creativity, customer, decorative, design, detail, dexterity, die, efficiency, engineer, ensure, fixtures, focus, functional, improvement, innovation, inspect, inspector, join, lead, leadership, lean, line, machine, machinist, maintain, maker, management, manual, manufacturing, material, mathematical, meet, metal, methods, molecular, nanotechnology, natural, operate, optimize, organization, parts, personal, physical, precision, printers, printing, problem, process, products, programs, protocols, quality, reasoning, repetitive, safety, science, senior, service, skills, soap, solving, stamina, standards, statistical, task, teamwork, technical, technician, techniques, thinking, tools, traditional, troubleshooting, using, various, welder, welding, worker",99
mapping surveying,"analysis, attention, cartographer, create, data, detail, drawing, geographic, information, maps, spatial, survey, systems, technical, update, using",16
maritime,"assessment, awareness, captain, command, communication, decision, deep, diver, diving, emergency, equipment, fitness, isolation, keeper, leadership, lighthouse, maintain, maintenance, making, marine, maritime, monitoring, navigate, operations, physical, problem, recover, response, risk, safety, salvage, sea, ship, skills, solving, sunken, technical, tolerance, underwater, vessels, weather",41
marketing,"across, activities, ad, administrative, advertising, agreements, ai, alliances, analysis, analyst, analytics, analyze, anywhere, assistant, attention, automation, awareness, brand, build, business, buyer, campaigns, channels, coaching, communication, compelling, competitive, competitors, compliance, comprehensive, conduct, content, continuous, contract, coordinator, create, creation, creative, creator, crisis, crm, curriculum, customer, data, design, detail, develop, digital, direct, documentation, drive, editing, editor, email, engagement, engine, enhance, ensure, event, execute, experience, feedback, go, growth, identify, identity, image, implement, improve, increase, individuals, initiatives, innovation, insights, interpretation, junior, knowledge, lead, leadership, learning, leverage, licensing, listening, loyalty, management, marketing, materials, media, meets, moderate, monitor, multiple, narratives, negotiation, officer, online, operations, opportunities, optimize, organization, oversee, partnerships, performance, placements, plan, planner, platforms, positioning, posts, powered, pr, presence, presentation, problem, processes, produce, product, programs, project, promotions, provide, public, purchase, rankings, relations, relationship, release, remote, reporting, reputation, research, results, retention, review, rewards, schedule, search, sem, sentiment, seo, services, skills, social, solving, specialist, standards, statistical, storyteller, strategic, strategist, strategy, study, support, survey, systems, tasks, teach, teams, technical, technology, testing, thinking, time, tools, track, trainer, training, trends, ux, virtual, websites, workflows, writing",173
media publishing,"activity, adaptability, ai, analyst, analytics, aptitude, art, artificial, artist, attention, audiences, audio, blogs, brands, channels, clarity, communication, content, create, creativity, creator, critical, curiosity, cycling, deliver, delivery, detail, develop, digital, direction, documentation, driven, driving, edit, editor, enforce, engaging, grow, illustration, intelligence, journalist, law, licensing, logical, management, manuals, marketing, materials, media, monetization, multimedia, negotiation, news, newspaper, online, organization, oversee, physical, plan, planner, platforms, podcast, problem, produce, production, project, promote, publication, releases, reliability, remote, report, research, revenue, review, rights, route, schedule, skills, social, solving, stories, storytelling, strategist, strategize, strategy, streams, subscribers, teams, technical, technology, thinking, time, tools, track, usage, user, using, various, video, visual, websites, writer, writing, written",105
mining resources,"analytical, applications, attention, awareness, detail, earth, extract, geologist, materials, miner, mines, physical, problem, processes, research, resources, safety, skills, solving, stamina, study, teamwork, thinking, underground, various",25
nonprofit,"analytics, campaign, communication, coordinator, digital, donation, drives, empathy, execute, fundraising, giving, lead, management, marketing, nonprofits, online, organization, plan, project, remote, specialist, strategist, strategy, technology, volunteer",25
oil gas,"awareness, cad, design, drilling, engineer, equipment, extraction, gas, geology, management, methods, offshore, oil, operate, petroleum, physical, platforms, problem, protocols, reservoir, resources, rig, safety, solving, stamina, stress, teamwork, technology, worker",29
personal care,"awareness, client, coloring, communication, creativity, cutting, dexterity, hair, manual, provide, relations, services, styling, stylist, trend",15
pest control,"animal, attention, awareness, bee, colonies, control, customer, detail, eliminate, environmental, handling, harm, identify, infestations, pest, problem, protocols, relocate, removal, safely, safety, service, solving, specialist, technician, without",26
photography,"aerial, aircraft, artistic, aviation, bereavement, capture, communication, composition, discretion, document, drones, empathy, equipment, families, final, images, memorial, moments, photographer, photography, pilot, protocols, safety, services, skills, technical, video, visual",28
public safety,"assessment, attention, awareness, bomb, communication, detail, devices, disarm, disposal, emergency, enforce, ethical, expert, explosive, fighter, fire, fitness, hands, knowledge, laws, maintain, management, officer, physical, police, problem, provide, public, reasoning, respond, risk, safely, safety, situations, solving, steady, stress, suppression, teamwork",39
real estate,"agent, building, buy, clients, communication, estate, help, knowledge, market, negotiation, persistence, properties, real, relationship, rent, sell",16
recreation,"activity, aid, amusement, areas, assist, attendant, attention, awareness, boat, camp, children, communication, coordinator, counselor, course, cpr, creativity, customer, detail, early, ensure, environmental, equipment, expeditions, facilities, first, fitness, golf, grounds, guests, guide, hours, instructions, knowledge, labor, landscaping, lead, leadership, lifeguard, lift, maintain, maintenance, management, monitor, navigation, operation, organize, outdoor, park, patience, physical, plan, playing, problem, procedures, programs, provide, recreation, rent, rental, rides, safety, service, ski, skiers, skills, solving, stamina, supervise, surfaces, survival, swimmers, swimming, teach, time, tolerance, vigilance, weather, wilderness",79
regulatory affairs,"affairs, analytical, attention, communication, compliance, detail, ensure, ethical, industry, laws, officer, organization, organizational, problem, reasoning, regulations, regulatory, solving, specialist, thinking",20
research development,"analytical, attention, collect, communication, computer, conduct, critical, data, detail, findings, patience, persistence, publish, reasoning, research, respondents, scientific, scientist, skills, survey, taker, thinking, writing",23
retail,"accuracy, arrange, assist, associate, attention, cash, cashier, clerk, color, communication, creativity, customer, design, detail, dexterity, florist, flowers, grocery, handling, information, inventory, items, jeweler, jewelry, knowledge, labor, management, manual, mathematics, merchandise, multitasking, occasions, organization, patience, payments, persuasion, physical, point, precious, process, product, provide, purchases, receive, repair, retail, sales, service, shelves, skills, stock, stores, systems, teamwork, theory, transactions, various, visual",58
risk management,"analyst, analytical, assess, business, communication, critical, identify, management, mitigation, problem, research, risk, skills, solving, strategies, thinking",16
robotics,"automated, design, engineer, innovation, integration, mechanical, problem, program, robots, solving, systems",11
safety compliance,"awareness, communication, coordinator, develop, implement, leadership, problem, programs, safety, skills, solving, training, workplace",13
sales,"across, analysis, analyst, analytics, analyze, assistant, audiences, building, business, calls, clean, clients, close, commerce, communication, computer, consultant, consumers, crm, customer, data, deals, demo, development, digital, energy, engaged, entry, executive, features, feedback, gather, generate, geographic, goal, growth, host, identify, information, keep, knowledge, lead, leadership, loyal, make, management, market, marketplace, negotiation, new, online, operations, opportunities, organization, orientation, outbound, oversee, panels, persistence, persuasion, phone, platforms, potential, presence, presentation, problem, process, product, promote, prospects, pursue, qualify, regions, relations, relationship, remote, renewable, reporting, representative, resilience, retention, revenue, reviews, sales, sell, service, showcase, skills, solar, solving, specialist, strategy, stress, surveys, systems, team, technology, telemarketer, territory, vendor, virtual, vp",102
security,"attention, awareness, communication, customer, detail, dexterity, emergency, ensure, fitness, guard, install, locks, locksmith, management, manual, monitor, observation, people, physical, premises, problem, procedures, property, protect, repair, response, safety, security, service, skills, solving, stress, systems, vigilance",34
sports,"analysis, assessment, athletes, awareness, coach, communication, competitive, develop, eaters, eating, empathy, fitness, game, immersive, improve, injury, innovation, knowledge, leadership, motivation, nutrition, performance, physical, prevention, problem, professional, provide, psychology, reality, safety, skills, solving, sports, strategic, strategies, technology, thinking, train, trainer, treatment, use, virtual",42
technology,"3d, abuse, accessibility, account, accuracy, activated, adapt, administrator, advanced, advise, advocacy, advocate, afar, agile, ai, algorithm, analysis, analyst, analytics, analyze, android, annotation, app, applications, appropriateness, architect, architecture, articles, artificial, assessment, assessor, asset, assistants, assurance, attention, audio, audit, auditor, augmented, automation, autonomous, awareness, aws, azure, backup, base, behavior, best, beta, bias, big, blend, blockchain, boost, bug, build, builder, business, campaign, candidates, cd, centered, champion, chatbot, check, ci, cisco, clients, cloud, coach, coding, collaboration, collect, commerce, communication, complex, compliance, comprehensive, computer, conduct, conferences, configure, conflict, consultant, content, continuous, contracts, control, conversational, coordinator, cost, create, creation, creativity, crisis, critical, cross, cryptocurrency, cryptographer, cryptography, cultural, currency, curriculum, customer, cybersecurity, dashboard, data, database, datasets, debugging, decentralized, decisions, define, deliver, delivery, describe, design, desk, detail, detect, development, devices, devops, digital, dimensional, direction, director, disabilities, discussion, displays, distributed, documentation, drive, driven, ease, electronics, emergencies, empathy, employee, encryption, end, energy, enforce, engagement, engineering, enhance, ensure, enterprise, equipment, ethical, evaluate, events, excellence, experience, experimentation, expertise, extract, facilitate, fairness, feature, feedback, files, filter, find, first, flows, frameworks, fraud, friendly, functions, gatherings, global, goals, groups, grow, growth, guidance, guide, guidelines, hacker, hacking, handle, hardware, head, health, help, holographic, home, ideas, identify, immersive, implement, improve, incident, inclusive, increase, individuals, inform, infrastructure, initiatives, innovation, input, insights, installer, instructional, instruments, integrity, intelligence, interaction, interests, interfaces, interpretation, interview, intuitive, investigation, ios, iot, issues, javascript, job, journey, junior, knowledge, kubernetes, labeling, languages, large, launch, lead, leadership, learning, legal, level, lifecycle, linguistics, lives, localization, logical, lost, loyalty, machine, maintain, making, management, manuals, map, market, marketplace, master, mathematics, measurement, mechanics, media, meet, membership, mentoring, methodologies, methods, microservices, migration, milestones, mindset, mining, ml, mobile, models, moderator, modern, monitor, multiple, needs, negotiation, network, new, nlp, objectivity, officer, onboarding, online, operations, optical, optimize, organization, oversee, owner, participation, partnerships, patience, pattern, people, performance, persona, personal, physics, pipelines, plan, platforms, policy, portfolio, posts, practices, precise, predictive, prevent, principal, principles, prioritization, privacy, problem, processes, product, profiles, programming, project, promote, prompt, protect, protocols, prototyping, provide, psychology, python, qa, quality, quantum, questions, rank, real, reality, reasoning, recognition, recovery, relationship, release, reliability, remote, replicas, reporting, research, resolution, resources, response, retention, retrieve, review, risk, roadmap, robots, rollouts, saas, safe, safety, sales, satisfaction, scalable, scale, scheduler, science, scientist, scripting, scrum, security, senior, sensor, service, set, setup, shared, simulation, site, skills, smart, social, software, solidity, solutions, solving, spaces, spatial, specialist, speech, sql, stages, stakeholder, standards, statistics, strategic, strategy, study, success, suggestions, supervisor, support, swarm, systematic, systems, tagging, teach, teams, tech, technical, technician, technology, telepresence, tensorflow, tester, testing, thinking, threats, three, timelines, together, tools, track, trainer, training, translation, troubleshooting, try, tuning, twin, ultra, understanding, usability, usage, use, user, ux, validator, various, verify, version, virtual, vision, visual, voice, vp, vr, vulnerabilities, wearable, web, web3, websites, wide, workflows, working, world, writer, writing",449
tourism,"awareness, communication, creativity, cultural, customer, destinations, eco, environmental, environments, experiences, friendly, guide, immersive, information, knowledge, lead, local, preserving, problem, provide, public, reality, service, solving, speaking, standing, storytelling, sustainable, technology, tour, tourism, travel, virtual, visitors, vr, walking",36
transportation,"assessment, attention, awareness, bikes, bus, cold, communication, conditions, conductor, courier, customer, deliver, delivery, design, detail, diagnostics, distances, documents, driver, driving, efficiently, electric, engineer, ensure, fast, forces, frozen, goods, ice, innovation, isolation, levitation, long, magnetic, maintain, maintenance, management, mechanic, navigation, operate, packages, passengers, patience, physical, problem, provide, repair, responsibility, risk, road, routes, safely, safety, scheduled, scooter, service, skills, solving, stamina, stress, systems, taxi, time, tolerance, train, transport, truck, trucker, using, vehicle, waterways, weather",72
travel tourism,"agent, arrangements, book, clients, communication, customer, organization, plan, problem, research, service, skills, solving, travel",14
urban development,"analysis, city, communication, data, design, environments, growing, innovation, integrated, mobility, planner, planning, smart, solutions, strategic, systems, technology, thinking, transportation, urban",20
warehousing,"associate, attention, awareness, clerk, communication, computer, coordination, data, detail, entry, forklift, fulfillment, handle, inventory, leadership, levels, management, materials, move, movements, operate, order, organization, oversee, physical, problem, responsibility, safety, skills, solving, spatial, stamina, stock, systems, track, warehouse",36
wellness,"app, awareness, balance, bath, breaks, coaching, communication, consultant, coordinator, counseling, customer, dependency, deprivation, detox, develop, digital, eating, empathy, environments, equipment, event, experiences, facilities, flotation, food, free, goal, groups, guide, healing, health, healthy, help, immersive, implement, individuals, initiatives, instruct, lead, leader, leadership, lifestyle, lives, maintain, maintenance, management, meditation, mindfulness, minimalism, motivation, musical, nutrition, operator, organizations, outdoor, overwhelm, people, planning, practices, practitioner, problem, program, protocols, provide, psychology, reality, reduce, relationships, relaxation, retreat, sabbath, safety, screen, sensory, service, sessions, setting, simplify, skills, solving, sound, stress, tank, teacher, teaching, techniques, technology, therapeutic, therapy, time, training, users, virtual, wellness",94
