Industry,vocab
advertising,"advertising, executive, develop, implement, campaigns, creative, thinking, strategic, planning, communication, leadership, project, management, art, director, oversee, visual, aspects, media, team, copywriter, write, persuasion, content, marketing, brand, awareness, research, skills, sign, holder, hold, promote, businesses, physical, stamina, weather, tolerance, reliability, attention, detail, customer, interaction, leaflet, distributor, distribute, flyers, materials, activity, time"
aerospace,"space, mission, planner, design, coordinate, exploration, aerospace, engineering, project, management, systems, analysis, risk, assessment, strategic, planning, debris, tracker, monitor, predict, movements, orbital, mechanics, mathematical, modeling, data, problem, solving, science, elevator, transportation, earth, materials, physics, innovation, asteroid, mining, extracting, resources, hypersonic, flight, aircraft, capable, extreme, speeds, aerodynamics, technical, skills, terraforming, specialist, make, planets, habitable, humans, planetary, environmental, spacecraft, cad, testing"
agriculture,"farmer, grow, crop, raise, livestock, food, production, physical, stamina, problem, solving, environmental, awareness, time, management, planning, fisherman, catch, fish, seafood, commercial, purposes, safety, navigation, beekeeper, bee, colonies, harvest, honey, animal, husbandry, seasonal, protect, equipment, use, processing, agriculture, knowledge, duster, pilot, spray, fields, aircraft, aviation, skills, weather, assess, precision, flying, chemical, viticulturist, grapes, wine, science, soil, analysis, quality, control, aquaculture, aquatic, organisms, biology, water, operation, specialist, technology, optimize, gps, data, innovation, vertical, farm, oversee, indoor, systems, hydroponics, urban, city, environments, mushroom, cultivate, exotic, medicine, mycology, heritage, breeds, conservationist, preserve, rare, endangered, conservation, genetics, microgreen, nutrient, dense, young, vegetables, restaurants, markets, customer, service, heirloom, tomato, grower, varieties, horticulture, health, improve, research, aquaponics, plants, together, sustainable, thinking, fruit, tree, antique, regenerative, implement, practices, restore, guardian, traditional, herbs, historical, healing, botany, grain, miller, ancient, wheat, worker, perform, tasks, maintenance, work, attention, detail, digital, consultant, advise, adoption, communication, project"
animal sciences,"animal, behaviorist, study, modify, behavior, patterns, psychology, research, skills, observation, patience, problem, solving"
animal services,"pet, grief, counselor, support, families, loss, companion, animal, counseling, skills, empathy, communication, behavior, understanding, veterinary, technician, assist, veterinarians, care, medical, procedures, medicine, handling, equipment, patient, attention, detail, kennel, worker, shelters, cleaning, physical, stamina, patience"
architecture,"architect, design, buildings, oversee, construction, project, creativity, problem, solving, spatial, reasoning, communication, management, sustainable, architecture, environmental, friendly, structures, science, energy, systems, green, roof, create, living, landscape, engineering, virtual, reality, visualizer, immersive, previews, 3d, modeling, technology, skills"
art antiques,"auction, house, appraiser, evaluate, authenticate, valuable, items, art, history, valuation, skills, research, attention, detail"
arts crafts,"glass, blower, create, decorative, functional, objects, manual, dexterity, creativity, physical, stamina, safety, awareness, artistic, skills, potter, ceramic, pottery, items, attention, detail, patience, blacksmith, shape, forge, metal, using, traditional, techniques, problem, solving, craftsmanship, pet, portrait, representations, companion, animal, behavior, customer, service, communication, artisanal, fiber, dyer, textile, natural, materials, arts, cultural, knowledge"
arts culture,"museum, curator, manage, collections, educational, programs, research, skills, communication, organization, cultural, awareness, project, dance, instructor, teach, techniques, choreography, students, physical, coordination, creativity, patience, urban, sketching, drawing, capturing, city, scenes, artistic, observational, traditional, craft, historical, handicraft, craftsmanship, knowledge, digital, art, select, history, media"
arts sciences,"botanical, illustrator, create, scientific, drawings, plants, flowers, artistic, skills, botany, attention, detail, communication, knowledge"
automotive,"auto, mechanic, diagnose, repair, automotive, problem, solving, logical, reasoning, manual, dexterity, attention, detail, continuous, learning, autonomous, vehicle, tester, test, validate, self, driving, car, systems, technology, safety, protocols, data, analysis, wash, attendant, cleaning, using, various, techniques, physical, labor, customer, service, teamwork, gas, station, assist, fuel, cash, handling, basic, activity, electric, technician, maintain, charging, ev, diagnostics, engineering"
aviation,"flight, attendant, ensure, passenger, safety, comfort, communication, awareness, customer, service, stress, management, cultural, sensitivity, air, traffic, controller, direct, aircraft, movement, attention, detail, multitasking, decision, making, drone, pilot, operate, unmanned, aerial, vehicles, various, applications, aviation, regulations, remote, weather, assessment, protocols, technical, skills"
biotechnology,"synthetic, biology, engineer, design, create, artificial, systems, programming, innovation, problem, solving, bioprinting, technician, operate, 3d, printers, tissues, printing, technology, medical, knowledge, attention, detail, spider, silk, producer, manufacture, various, applications, materials, science, biocomputer, programmer, develop, computing, using, components, technical, skills, bioluminescent, lighting, sustainable, living, organisms, environmental, biorefinery, process, convert, waste, products, chemical"
business services,"project, management, coordinate, cross, functional, teams, deliver, time, budget, leadership, organization, communication, risk, assessment, business, analyst, analyze, process, recommend, improvement, analytical, thinking, problem, solving, systems, operations, oversee, daily, optimization, decision, making, strategic, administrative, assistant, provide, support, executives, multitasking, attention, detail, discretion, receptionist, greet, visitors, handle, phone, calls, appointments, customer, service, procurement, specialist, purchase, goods, negotiation, relationship, build, virtual, remote, technology, skills, online, coaching, help, entrepreneurs, success, digital, enterprises, consulting, intelligence, data, sql, tableau, powerbi, analysis, acumen, reporting, research, use, methods, complex, statistical, mathematical, modeling, programming, agent, vendor, cost, contract, supply, chain, knowledge, office, calendar, microsoft, entry, clerk, input, maintain, accurate, computer, typing, speed, database, software, accuracy, front, desk, etiquette, scheduling, professional, appearance, senior, stakeholder, requirements, gathering, activities, ensure, satisfaction, retention, product, filing, record, keeping, director, excellence, initiatives, planning, mapping, general, staff, answering, copy, machine, print, requests, equipment, basic, maintenance, experience, design, journey, revenue, sales, crm, work, policy, advisor, develop, implement, strategy, hr, change, trainer, teach, best, practices, client, training, distance, confidentiality"
cleaning services,"house, cleaner, provide, residential, cleaning, service, attention, detail, time, management, physical, stamina, customer, reliability, window, glass, surfaces, buildings, safety, awareness, fitness, problem, solving, janitor, maintain, cleanliness, sanitation, facilities, techniques, equipment, operation, housekeeping, aide, commercial, properties, skills, worker, offices"
construction,"construction, manage, oversee, projects, teams, leadership, problem, solving, safety, awareness, time, communication, electrician, install, repair, electrical, systems, building, manual, dexterity, attention, detail, logical, reasoning, plumber, plumbing, fixtures, physical, stamina, carpenter, wooden, structures, furniture, spatial, craftsmanship, hvac, technician, heating, ventilation, air, conditioning, customer, service, biocement, engineer, develop, self, healing, concrete, materials, science, biology, innovation, tiny, house, builder, small, scale, living, spaces, mobile, homes, skills, design, creativity, sustainable, inspector, evaluate, environmental, compliance, codes, standards, permeable, pavement, eco, friendly, surfaces, allow, water, drainage, protocols, technical, green, consultant, advise, practices, architecture, traditional, craft, specialist, preserve, historical, techniques, cultural, heritage, teaching, labor, assist, tool, usage, teamwork, following, instructions"
consulting,"digital, nomad, consultant, help, remote, workers, optimize, location, independent, careers, business, technology, skills, communication, cultural, awareness, travel, planning, transformation, organizations, adapt, new, processes, strategy, problem, solving, change, management, analytics, understand, online, performance, data, analysis, marketing, innovation, adopt, emerging, future, focused, principal, provide, expert, advisory, services, fortune, 500, companies, industry, expertise, strategic, thinking, client, presentation, senior, advise, executives, leadership, lead, guide, tech"
corporate governance,"ethics, officer, develop, oversee, organizational, programs, reasoning, communication, leadership, problem, solving, training, skills"
cosmetics,"perfumer, create, fragrances, scent, compositions, olfactory, skills, chemistry, knowledge, creative, blending, sensory, analysis, market, trends"
creative services,"graphic, designer, create, visual, content, marketing, materials, brand, assets, creativity, communication, color, theory, artistic, skills, awareness, photographs, capture, edit, various, purposes, composition, attention, detail, technical, aptitude, media, platforms, adobe, suite, guidelines, junior, time, management"
cultural heritage,"archivist, preserve, organize, historical, documents, records, research, digital, information, management, attention, detail, marine, archaeologist, study, underwater, sites, artifacts, archaeology, diving, skills, cultural, heritage, materials, science, metadata, standards, technical, rare, book, restorer, repair, manuscripts, texts, manual, dexterity, knowledge, patience, craftsmanship, use, technology, ancient, civilizations, methods, data, analysis, problem, solving, virtual, reality, museum, curator, create, immersive, educational, experiences, communication, creativity"
customer service,"customer, service, representative, provide, support, via, phone, email, chat, active, listening, patience, problem, solving, communication, empathy, handle, inquiries, resolve, issues, crm, systems"
design services,"interior, designer, spaces, residential, commercial, properties, creativity, spatial, reasoning, communication, client, relations, project, management, virtual, create, 3d, online, modeling, software, skills, terrarium, miniature, ecosystems, glass, containers, botany, attention, detail, customer, service, environmental, knowledge, color, consultant, advise, schemes, exterior, theory, visual"
earth sciences,"seismologist, study, earthquakes, earth, movements, geology, data, analysis, research, skills, mathematical, modeling, fieldwork"
economics,"economist, study, economic, trends, analyze, data, analytical, thinking, research, skills, critical, mathematical, reasoning, communication, ecological, relationship, systems, environmental, health, science, problem, solving"
education,"teacher, education, students, development, curriculum, classroom, instructional, communication, patience, creativity, organization, adaptability, library, assist, help, patrons, find, resources, maintain, research, skills, customer, service, attention, detail, historian, analyze, historical, events, trends, analytics, thinking, writing, critical, mushroom, identification, guide, lead, foraging, expeditions, teaching, safety, mycology, protocols, environmental, knowledge, online, learning, design, create, course, training, programs, digital, platforms, technology, problem, solving, instructor, specialized, subject, matter, expertise, virtual, reality, immersive, 3d, modeling, innovation, literacy, underserved, populations, cultural, sensitivity, support, specialist, navigate, privacy, individuals, security, cybersecurity, quality, assurance, ensure, meet, standards, control, management, foster, engaging, connection, workshop, facilitator, interactive, sessions, group, dynamics, technical, producer, aspects, content, creation, video, production, theory, tools, assessment, operations, computer, childcare, worker, supervise, care, children, daycare, settings, child, awareness, elementary, school, nurture, young, grades, high, specific, areas, lesson, planning, librarian, information, needs, science, remote, troubleshooting, empathy, language, tutor, via, proficiency, tests, quizzes, reviewer, classes, reporting, experience, build, journeys, ux, data, administrator, systems, curator, select, integrator, implement, new, edtech, tester, check, bugs, analyst, users, sustainability, topics, coding, bootcamp, mentor, intensive, score, linguistics, analysis, art, techniques"
emergency services,"disaster, recovery, specialist, plan, coordinate, emergency, response, procedures, management, risk, assessment, communication, leadership, crisis, organize, relief, efforts, resource, allocation, cave, rescue, technician, perform, underground, environments, technical, skills, physical, fitness, problem, solving, safety, protocols, pet, rescuer, save, care, animal, natural, handling, empathy"
energy,"hydrogen, fuel, cell, technician, maintain, repair, energy, systems, diagnostics, electrical, engineering, safety, protocols, troubleshooting"
energy research,"fusion, energy, research, develop, clean, nuclear, physics, engineering, skills, innovation, problem, solving"
energy services,"home, energy, auditor, assess, residential, efficiency, recommend, improvements, systems, knowledge, problem, solving, communication, attention, detail, technical, skills"
engineering,"mechanical, engineer, design, develop, systems, products, problem, solving, mathematical, reasoning, spatial, critical, thinking, project, management, electrical, troubleshoot, safety, awareness, attention, detail, civil, supervise, construction, infrastructure, biomechanical, medical, devices, prosthetics, principles, knowledge, cad, innovation, biomedical, equipment, biology, nanotechnology, create, materials, molecular, level, science, physics, chemistry, metamaterial, properties, found, nature, programmable, matter, change, shape, programming"
entertainment,"film, director, direct, actor, crew, video, production, leadership, creativity, vision, communication, project, management, decision, making, screenwriter, write, scripts, television, media, storytelling, research, skills, character, development, perform, roles, theatrical, memorization, emotional, expression, adaptability, musician, music, live, audiences, recordings, discipline, collaboration, sound, engineer, operate, audio, equipment, events, technical, aptitude, attention, detail, problem, solving, animation, artist, create, sequences, game, visual, patience, comic, book, artwork, illustrations, time, rodeo, clown, entertainment, crowd, protect, riders, physical, agility, behavior, safety, voice, provide, talent, commercials, control, acting, escape, room, design, puzzle, based, experience, customer, innovation, ticket, taker, collect, patrons, venues, service, standing, usher, guide, assist, theater, activity, movie, attendant, maintain, facilities, cleaning"
environmental sciences,"atmospheric, scientist, study, weather, patterns, climate, change, meteorology, data, analysis, research, skills, environmental, science, mathematical, modeling"
environmental services,"environmental, scientist, study, problem, develop, solutions, research, skills, analytical, thinking, solving, communication, awareness, compliance, specialist, ensure, regulations, attention, detail, sustainability, consultant, advise, organic, social, responsibility, science, strategic, planning, data, analysis, stakeholder, management, climate, change, analyst, patterns, mathematical, modeling, policy, coral, reef, restoration, rehabilitate, damaged, marine, ecosystems, biology, diving, project, atmosphere, carbon, capture, design, systems, remove, co2, engineering, chemistry, innovation, butterfly, conservationist, protect, habitat, populations, entomology, conservation, fieldwork, urban, forager, identify, harvest, edible, plant, city, environments, botany, safety, knowledge, teaching, permaculture, agriculture, living, ecology, pollinator, garden, create, spaces, support, bees, horticulture, creativity, rain, water, collection, utilize, rainwater, greywater, reuse, household, wastewater, plumbing, seed, bank, curator, preserve, genetic, diversity, storage, wetland, aquatic, heritage, keeper, heirloom, varieties, future, generations, credit, evaluate, trade, impact, offsets, financial, indigenous, cultivate, native, species, cultural, rainforest, guide, lead, educational, tours, tropical, physical, fitness, waste, stream, material, flows, reduce, biochar, production, sequestering, soil, amendments, maintain, beneficial, insects, coordinator, oversee, adaptation, planner, help, prepare, services, valuer, quantify, economic, benefits, natural, biodiversity, eco, friendly, treatment, distribution, translate, scientific, accessible, public, information, speaking, assess, regulatory, report, writing, site, recycling, worker, sort, process, labor, teamwork, digital, track, tech, technology"
event planning,"wedding, planner, planning, coordinate, ceremonies, receptions, organize, communication, attention, detail, time, management, customer, service, virtual, event, producer, online, conferences, gatherings, technology, skills, problem, solving, project, execute, corporate, special, vendor, budget, setup, worker, set, equipment, decorations, physical, labor, teamwork, following, instructions, remote, moderator, facilitate, webinars, digital, sponsorship, secure, sponsors, sales, negotiation, ticketing, oversee, systems"
executive leadership,"chief, executive, officer, lead, organizational, strategy, overall, operations, strategic, thinking, leadership, decision, making, communication, visionary, financial, oversee, acumen, risk, management, technology, innovation, technical, vision, team, building, market, development, brand, awareness, human, resources, employee, relations, daily, process, improvement, vice, president, sales, revenue, growth, engineering, problem, solving, director, product, information, enterprise, digital, transformation, budgeting, comprehensive, analytics, data, governance, initiatives, define, organization, aspects, optimization, change, senior, vp, planning, drive, go, partnerships, business, unit, corporate, finance, investor, major, divisions, general, performance, responsibility, customer"
facilities management,"janitor, maintain, cleanliness, sanitation, building, attention, detail, time, management, physical, stamina, safety, awareness, work, ethic, parking, attendant, facilities, assist, customer, service, cash, handling, activity, communication, operations, maintenance, vendor, planning, budgeting, compliance"
fashion,"fashion, design, clothing, accessories, various, markets, creativity, trend, awareness, visual, skills, innovation, color, theory, model, shows, photography, physical, fitness, professionalism, adaptability, communication, self, discipline, vintage, curator, authenticate, preserve, historical, garments, history, research, attention, detail, textile, knowledge, sustainable, consultant, advise, environmental, conscious, choices, problem, solving, create, minimal, impact"
finance,"financial, analyst, analyze, data, prepare, reporting, investment, decisions, analytical, thinking, attention, detail, mathematical, reasoning, critical, writing, accounting, statement, management, records, accuracy, organizational, skills, ethical, advisor, provide, advice, recommendations, client, communication, risk, assessment, trust, building, acumen, internal, auditor, examine, controls, problem, solving, external, conduct, independent, audits, organizations, cryptocurrency, digital, currency, markets, trends, analysis, blockchain, technology, research, interpretation, asset, appraiser, evaluate, value, collection, knowledge, payment, security, protect, online, transactions, fraud, cybersecurity, systems, banking, support, modeling, valuation, excel, powerpoint, quantitative, development, trading, python, statistics, corporate, finance, director, strategy, capital, allocation, planning, leadership, strategic, planner, relations, regulatory, compliance, credit, creditworthiness, individuals, tax, file, returns, businesses, law, software, portfolio, relationships, hedge, fund, oversee, operations, standards, team, budget, receivable, specialist, customer, billing, service, junior, assist, tasks, keeping, bookkeeping, lead, deal, structuring, senior, complex, cost, forecasting, activities, partnerships, due, diligence, negotiation, officer, ensure, meet, legal"
financial services,"tax, prepare, returns, individuals, businesses, attention, detail, mathematical, accuracy, customer, service, problem, solving, organization, bookkeeper, maintain, financial, records, small, communication, reliability, digital, nomad, advisor, provide, location, independent, workers, law, international, regulations"
fishing,"commercial, fisherman, harvest, fish, seafood, markets, maritime, skills, physical, stamina, safety, awareness, weather, assessment, equipment, operation"
fitness recreation,"personal, trainer, provide, fitness, training, exercise, guidance, clients, motivation, communication, goal, setting, safety, awareness, adaptability, yoga, instructor, lead, classes, instruction, practices, physical, teaching, skills, mindfulness, empathy, virtual, reality, immersive, digital, environments, technology, innovation, online, program, design, create, wellness, plans"
food production,"chocolatier, create, artisanal, chocolates, confections, culinary, arts, temperature, control, flavor, pairing, creativity, presentation, food, safety, cheese, maker, produce, dairy, products, fermentation, science, quality, sanitation, monitoring, aging, process, kombucha, brewer, probiotic, beverages, problem, solving, specialist, develop, commercial, microbiology, innovation, specialty, coffee, roaster, beans, unique, profiles, sensory, analysis, customer, service, ice, cream, frozen, desserts, using, traditional, methods, craft, small, batch, techniques, tea, blender, combinations, bread, baker, time, honored, attention, detail, cultural, like, kimchi, sauerkraut, knowledge, pickle, preserve, plant, based, new, vegan, vegetarian, nutrition"
food science,"food, scientist, research, safety, nutrition, products, develop, chemistry, biology, regulations, skills, innovation, cellular, agriculture, lab, grown, meat, dairy, science, problem, solving, flavor, chemist, artificial, natural, sensory, analysis, quality, control"
food service,"chef, prepare, meals, management, kitchen, operations, creativity, time, leadership, attention, detail, stress, bartender, serve, alcoholic, non, beverages, communication, multitasking, customer, service, memory, waiter, food, restaurant, physical, stamina, staff, problem, solving, catering, plan, coordinate, events, organization, baker, bake, bread, pastries, goods, safety, awareness, quality, control, butcher, cut, meat, product, sale, manual, dexterity, knowledge, molecular, gastronomy, create, innovation, culinary, experiences, using, science, arts, chemistry, worker, cafeteria, settings, sanitation, teamwork, assist, support, establishments, following, instructions, dishwasher, clean, dishes, maintain, concession, stand, sell, entertainment, venues, cash, handling, inventory, fast, speed, prep, cook, ingredients, busser, dining, area, cleanliness"
food services,"mushroom, forager, identify, harvest, wild, culinary, use, mycology, safety, protocols, skills, environmental, knowledge, risk, assessment"
forensic science,"forensic, anthropologist, analyze, human, remains, legal, investigations, anatomy, archaeological, methods, procedures, research, skills, attention, detail"
forestry,"logger, harvest, timber, forests, commercial, use, physical, stamina, safety, awareness, environmental, equipment, operation, teamwork"
funeral services,"funeral, director, coordinate, services, support, grieving, families, grief, counseling, event, planning, empathy, communication, organization"
gaming,"video, game, design, gameplay, mechanics, overall, experience, creative, problem, solving, systems, thinking, user, innovation, logical, reasoning, blackjack, dealer, deal, cards, manage, casino, table, mathematics, quick, calculation, customer, service, rules, hand, dexterity, esports, coach, train, professional, players, team, strategy, leadership, communication, performance, analysis, motivation, virtual, reality, create, immersive, worlds, programming"
government,"parking, ranger, protect, natural, resources, educate, visitors, communication, environmental, awareness, safety, skills, leadership, physical, fitness, patent, examiner, review, applications, government, agencies, technical, analysis, legal, research, attention, detail, critical, thinking, report, writing, food, inspector, ensure, restaurants, facilities, meet, health, standards, regulations, problem, solving, genetically, modified, organism, oversee, biology, regulatory, knowledge, risk, assessment, ethical, reasoning, meter, attendant, monitor, issue, citations, enforcement, walking, customer, service, record, keeping, climate, policy, analyst, advise, related, science, data, interpretation"
healthcare,"nurse, provide, patient, care, healthcare, settings, compassion, clinical, judgment, communication, attention, detail, stress, management, pharmacist, dispense, medical, pharmaceutical, scientific, knowledge, ethical, reasoning, speech, therapist, therapy, services, disorders, patience, assessment, skills, empathy, problem, solving, physical, rehabilitation, injuries, veterinarian, animal, education, pet, owners, occupational, help, develop, daily, living, active, massage, therapeutic, clients, dexterity, dental, hygienist, cleaning, preventive, manual, safety, awareness, assist, dentists, office, procedures, organization, multitasking, paramedic, emergency, transport, quick, decision, making, fit, psychologist, mental, health, listening, analytical, thinking, radiologic, technologist, perform, imaging, diagnosis, technical, aptitude, administrative, support, laboratory, technician, testing, analyze, samples, preparation, inventory, customer, mathematical, accuracy, optician, eyeglasses, contact, lenses, respiratory, breathing, dietitian, nutrition, counseling, meal, planning, research, illustrator, create, anatomical, drawings, graphics, artistic, digital, sleep, monitor, patterns, technology, data, analysis, equipment, biostatistician, biology, statistics, modeling, programming, neuropsychologist, study, brain, function, treat, neurological, neuroscience, psychology, methods, transplant, coordinator, facilitate, donation, time, crisis, genetic, counselor, guidance, hereditary, conditions, procurement, process, recovery, cognitive, behavioral, specialized, treatment, techniques, bioethicist, advise, issues, medicine, philosophy, critical, bioharmonic, use, frequencies, innovation, music, interventions, address, emotional, social, needs, equine, horses, training, scribe, document, encounters, terminology, typing, specialist, diagnose, related, diagnostic, memory, dementia, alzheimer, overnight, cord, blood, bank, collection, storage, umbilical, quality, control, virtual, reality, vr, phobias, applications, neurosurgeon, complex, nervous, system, surgeries, expertise, surgical, precision, stamina, scientist, lead, trial, new, design, regulatory, writing, drugs, chemistry, pharmacology, affairs, biomedical, engineer, device, regulations, cad, information, records, coding, privacy, cardiologist, heart, cardiovascular, continuous, learning, radiologist, minimally, invasive, recover, anatomy, exercise, prescription, hygiene, registered, direct, individuals, coach, guide, wellness, tools, motivation, tracking, online, platform, oversee, operations, compliance, analyst, reporting, art, media, creativity, peer, moderate, groups, confidentiality, remote, billing, payments, home, dietary, advice, via"
hospitality,"event, planner, plan, coordinate, conception, execution, organization, time, management, communication, problem, solving, attention, detail, cruise, director, entertainment, activity, passengers, leadership, skills, customer, service, hotel, oversee, operations, ensure, guest, satisfaction, financial, sommelier, evaluate, recommend, wine, beverage, knowledge, taste, analysis, pairing, sensory, housekeeper, clean, maintain, rooms, facilities, physical, stamina, hospitality, valet, park, attendant, retrieve, vehicles, driving"
human resources,"hr, specialist, management, recruit, process, employee, relations, interpersonal, skills, communication, conflict, resolution, organizational, discretion, payroll, clerk, maintain, records, attention, detail, mathematical, accuracy, organization, time, benefits, administration, programs, enrollment, customer, service, problem, solving, training, coordinator, develop, presentation, leadership, talent, acquisition, hire, qualified, candidates, positions, relationship, building, assessment, persuasion, compensation, analyst, analyze, structures, policies, analytics, thinking, reasoning, research, handle, concerns, workplace, issues, empathy, remote, teams, facilitator, activities, strengthen, distributed, psychology, dynamics, digital, experience, design, optimize, work, environments, company, culture, human, resources, technology, source, various, roles, interviewing, networking, ats, systems, deliver, learning, business, partner, provide, strategic, support, units, strategy, acumen, adult, lms, software, confidentiality, compliance, analysis, market, statistical, excel, oversee, curriculum, onboarding, guide, new, virtual, orientation, auditor, ensure, follow, employment, laws, auditing, documentation, data, workforce, reporting, online, diversity, inclusion, trainer, workshops, engagement, track, morale, wellness, health, initiatives, sessions, scheduling, recognition, reward, operations, perks, insurance, content, creator, materials, creation, lead, survey, interpret, feedback, app, promote, tools, staff, study, usage, results, create, questionnaires"
insurance,"insurance, agent, sell, policies, provide, customer, service, communication, persuasion, risk, assessment, trust, building, problem, solving, digital, nomad, advisor, coverage, solutions, location, independent, workers, knowledge, travel, regulations"
international trade,"import, export, specialist, manage, international, trade, shipping, documentation, attention, detail, organization, communication, cultural, awareness, problem, solving, customs, broker, facilitate, clearance, shipments, regulatory, knowledge, relationship, building"
jewelry,"gemologist, examine, grade, precious, stones, jewelry, gemstone, knowledge, microscopy, standards, attention, detail, certification"
landscaping,"landscaping, design, maintain, outdoor, spaces, gardens, creativity, physical, stamina, attention, detail, planning, problem, solving, crew, leader, supervise, teams, coordinate, projects, leadership, communication, safety, awareness, groundskeeper, grounds, facilities, environmental, edible, create, produce, food, aesthetic, appeal, horticulture, sustainability, worker, beautify, plant, knowledge, equipment, operation, labor, weather, tolerance, perform, basic, tasks, maintenance, use, teamwork"
law enforcement,"crime, scene, investigator, collect, analyze, evidence, attention, detail, analytical, thinking, problem, solving, communication, ethical, reasoning, digital, forensics, recover, legal, cases, computer, procedures, technical, analysis, prevention, specialist, patterns, develop, strategies, data, criminal, justice, research, skills, strategic, planning"
legal services,"legal, assistant, support, lawyer, case, preparation, document, attention, detail, research, skills, organization, confidentiality, time, manage, private, investigate, conduct, personal, matters, problem, solving, communication, discretion, persistence, forensic, accounts, financial, crimes, fraud, analytical, thinking, ethical, reasoning, court, report, create, written, records, proceedings, listening, accuracy, concentration, bailiff, maintain, order, courtrooms, provide, security, physical, fitness, authority, safety, awareness, conflict, resolution, process, server, deliver, individuals, businesses, navigation, customer, service, notary, public, verify, identities, witness, signings, psychologist, evaluate, criminal, behavior, expert, testimony, psychological, assessment, justice, knowledge, writing, digital, rights, advocate, protect, online, privacy, freedoms, technology, understanding, advocacy, estate, planner, help, families, assets, death, planning, practice, law, focused, issues, nomad, visa, consultant, advise, immigration, requirements, remote, workers, cultural, executor, someone, passes, away, compliance, officer, ensure, organizational, adherence, regulatory, risk, audit, paralegal, software, patent, attorney, counsel, intellectual, property, technical, teams, ip, media"
logistics,"supply, chain, coordinate, management, inventory, logistics, operations, organization, analytical, thinking, communication, problem, solving, time, shipping, clerk, prepare, process, shipments, delivery, attention, detail, receiving, incoming, physical, stamina, specialist, track, levels, stock, transportation, distribution, goods, analyst, optimize, data, analysis, forecasting, improvement, erp, systems, activities, drone, based, service, piloting, safety, compliance, navigation, customer, digital, monitor, online, networks, technology, reporting"
maintenance services,"pool, maintenance, technician, clean, maintain, swimming, spas, safety, awareness, attention, detail, customer, service, problem, solving, chemical, knowledge, rope, access, perform, tall, structures, using, climbing, techniques, physical, fitness, protocols, manual, dexterity, risk, assessment, worker, routine, repairs, facilities, skills, tool, usage"
manufacturing,"welder, join, metal, parts, using, various, welding, techniques, manual, dexterity, safety, awareness, attention, detail, problem, solving, physical, stamina, machinist, operate, machine, tools, create, precision, mathematical, reasoning, die, maker, fixtures, manufacturing, quality, control, inspector, inspect, products, ensure, meet, standards, analytical, thinking, communication, organization, assemble, line, worker, repetitive, task, management, teamwork, focus, molecular, technician, build, atom, nanotechnology, technical, skills, innovation, soap, artisanal, personal, care, chemistry, creativity, protocols, customer, service, candle, design, decorative, functional, craftsmanship, cosmetics, natural, traditional, methods, engineer, optimize, process, efficiency, lean, cad, improvement, senior, lead, assurance, programs, statistical, analysis, leadership, compliance, 3d, printing, maintain, printers, applications, troubleshooting, material, science"
mapping surveying,"cartographer, create, update, maps, using, geographic, data, information, systems, spatial, analysis, attention, detail, technical, drawing, survey"
marine science,"marine, biologist, study, ocean, ecosystems, life, populations, research, skills, environmental, science, diving, certification, data, analysis, scientific, writing"
maritime,"ship, captain, navigate, command, vessels, leadership, skills, decision, making, safety, awareness, communication, lighthouse, keeper, maintain, operations, maritime, equipment, maintenance, weather, monitoring, isolation, tolerance, emergency, response, marine, salvage, diver, recover, sunken, underwater, deep, sea, diving, technical, problem, solving, risk, assessment, physical, fitness"
marketing,"marketing, management, lead, campaigns, brand, strategy, develop, creative, thinking, strategic, plan, communication, leadership, project, social, media, presence, create, engagement, content, trends, awareness, build, digital, specialist, execute, across, multiple, channels, analytics, problem, solving, data, interpretation, coordinator, support, initiatives, promotions, activities, organization, time, attention, detail, seo, optimize, websites, improve, search, engine, rankings, research, skills, continuous, learning, public, relations, image, relationship, crisis, automation, workflows, technology, programs, online, moderate, analyze, analysis, knowledge, technical, reputation, monitor, individuals, business, strategist, comprehensive, identity, positioning, systems, processes, innovation, sem, testing, analyst, conduct, identify, opportunities, statistical, survey, design, presentation, platforms, creation, drive, writing, implement, email, crm, product, go, competitive, event, direct, junior, assistant, administrative, tasks, track, reporting, sentiment, listening, ai, powered, leverage, tools, customer, insights, feedback, remote, creator, produce, posts, anywhere, loyalty, rewards, partnerships, alliances, negotiation, trainer, teach, training, coaching, storyteller, compelling, narratives, compliance, officer, ensure, meets, standards, oversee, performance, study, retention, services, experience, virtual, ad, planner, schedule, editor, review, materials, editing, results, pr, advertising, buyer, purchase, placements, licensing, agreements, contract, competitors, provide, enhance, ux, increase, growth, operations, teams, curriculum, documentation, release"
media publishing,"content, writer, create, engaging, websites, blogs, marketing, materials, creativity, writing, research, skills, communication, adaptability, time, management, video, editor, edit, produce, various, media, platforms, attention, detail, visual, storytelling, technical, aptitude, documentation, user, manuals, clarity, logical, organization, journalist, report, news, stories, curiosity, review, written, publication, critical, thinking, podcast, audio, digital, production, project, direction, creator, multimedia, online, audiences, technology, problem, solving, newspaper, delivery, deliver, subscribers, driving, cycling, route, physical, activity, reliability, promote, grow, channels, social, analytics, strategy, ai, driven, strategist, plan, using, artificial, intelligence, tools, licensing, oversee, rights, law, negotiation, monetization, develop, revenue, streams, analyst, track, enforce, usage, remote, teams, illustration, artist, brands, art, planner, strategize, schedule, releases"
mining resources,"geologist, study, earth, materials, processes, various, applications, research, skills, analytical, thinking, problem, solving, physical, stamina, attention, detail, miner, extract, resources, underground, mines, safety, awareness, teamwork"
moving services,"moving, company, worker, pack, transport, household, office, items, physical, stamina, teamwork, customer, service, problem, solving, organization, furniture, mover, strength, lifting, techniques"
nonprofit,"online, fundraising, specialist, plan, execute, digital, campaign, nonprofits, marketing, communication, analytics, management, lead, donation, drives, volunteer, coordinator, remote, organization, technology, empathy, strategist, giving, strategy, project"
oil gas,"oil, rig, worker, operate, equipment, offshore, drilling, platforms, physical, stamina, safety, awareness, teamwork, problem, solving, stress, management, petroleum, engineer, design, extraction, methods, gas, resources, reservoir, technology, geology, protocols, cad"
personal care,"hair, stylist, provide, cutting, styling, coloring, services, creativity, communication, client, relations, manual, dexterity, trend, awareness"
personal services,"tailor, alter, create, customer, clothing, garments, manual, dexterity, attention, detail, service, problem, solving, creativity, cobbler, repair, restore, shoes, leather, goods, craftsmanship, upholsterer, reupholster, furniture, cushions, laundry, attendant, operate, equipment, fold, physical, stamina, time, management"
pest control,"pest, control, technician, identify, eliminate, infestations, problem, solving, safety, awareness, customer, service, attention, detail, environmental, bee, removal, specialist, safely, relocate, colonies, without, harm, animal, handling, protocols"
pet services,"aquarium, maintenance, specialist, care, fish, tanks, aquatic, ecosystems, biology, water, chemistry, equipment, customer, service, problem, solving, dog, walker, provide, exercise, pets, animal, handling, physical, fitness, reliability, love, communication, groomer, grooming, techniques, patience, stamina"
photography,"aerial, photography, pilot, capture, images, video, aircraft, drones, aviation, skills, technical, equipment, visual, composition, safety, protocols, bereavement, photographer, document, final, moments, memorial, services, families, empathy, discretion, communication, artistic"
postal services,"mail, carrier, deliver, packages, residential, business, addresses, physical, stamina, attention, detail, customer, service, navigation, time, management, clerk, sort, distribute, within, organization, activity"
professional services,"translate, written, spoken, content, language, proficiency, cultural, awareness, attention, detail, communication, adaptability, genealogist, research, family, histories, ancestry, records, historical, database, management, documentation, sign, interpreter, facilitate, deaf, hearing, individuals, fluency, empathy, genealogy, trace, ancestral, connections, skills, knowledge, professional, organization, help, business, spaces, problem, solving, customer, service, time, digital, legacy, planner, people, prepare, online, presence, death, technology, planning, legal, virtual, assistant, trainer, teach, remote, administrative, support, work"
public safety,"fire, fighter, respond, emergency, situations, provide, suppression, physical, fitness, teamwork, stress, management, problem, solving, safety, awareness, police, officer, enforce, laws, maintain, public, communication, ethical, reasoning, bomb, disposal, expert, safely, disarm, explosive, devices, knowledge, steady, hands, risk, assessment, attention, detail"
real estate,"real, estate, agent, help, clients, buy, sell, rent, properties, communication, negotiation, market, knowledge, relationship, building, persistence"
recreation,"recreation, coordinator, plan, organize, activity, programs, communication, leadership, time, management, creativity, camp, counselor, supervise, lead, children, patience, safety, awareness, golf, course, maintenance, maintain, playing, surfaces, attention, detail, physical, stamina, environmental, equipment, operation, problem, solving, wilderness, guide, outdoor, expeditions, teach, survival, skills, navigation, fitness, amusement, park, attendant, rides, assist, guests, procedures, customer, service, grounds, facilities, landscaping, labor, early, hours, lifeguard, monitor, swimming, areas, ensure, swimmers, cpr, first, aid, vigilance, ski, lift, skiers, weather, tolerance, boat, rental, rent, provide, instructions, knowledge"
regulatory affairs,"regulatory, affairs, specialist, ensure, compliance, industry, regulations, attention, detail, communication, analytical, thinking, problem, solving, organization, officer, organizational, laws, ethical, reasoning"
renewable energy,"solar, panel, install, maintain, energy, systems, safety, awareness, manual, dexterity, problem, solving, physical, fitness, environmental, wind, turbine, technician, repair, equipment, farm, management, oversee, renewable, operations, maintenance, project, protocols, team, leadership, analyst, evaluate, optimize, clean, analysis, data, interpretation, science, financial, modeling, market, research, electrical, skills, offshore, specialist, design, ocean, based, marine, engineering, thermal, harness, temperature, differences, power, thermodynamics, innovation, developer, plan, implement, finance, communication"
research development,"research, scientist, conduct, scientific, publish, findings, critical, thinking, skills, analytical, reasoning, persistence, writing, survey, taker, collect, data, respondents, communication, attention, detail, patience, computer"
retail,"cashier, process, customer, transactions, provide, service, attention, detail, communication, mathematics, accuracy, multitasking, retail, sales, associate, assist, persuasion, product, knowledge, patience, florist, design, arrange, flowers, various, occasions, creativity, color, theory, manual, dexterity, jeweler, repair, jewelry, precious, items, visual, skills, purchases, information, cash, handling, payments, point, systems, grocery, stores, clerk, stock, shelves, inventory, management, physical, labor, teamwork, receive, merchandise, organization"
risk management,"risk, management, analyst, identify, assess, business, mitigation, strategies, analytical, thinking, problem, solving, communication, research, skills, critical"
robotics,"robots, engineer, design, program, automated, systems, mechanical, integration, problem, solving, innovation"
safety compliance,"safety, coordinator, develop, implement, workplace, programs, awareness, communication, training, skills, problem, solving, leadership"
sales,"sales, representative, generate, lead, close, deals, potential, customer, persuasion, communication, relationship, building, resilience, goal, orientation, renewable, energy, consultant, sell, solar, panels, clean, systems, consumers, skills, knowledge, problem, solving, service, development, qualify, prospects, team, crm, process, telemarketer, make, outbound, calls, promote, product, persistence, computer, stress, management, business, identify, pursue, new, opportunities, strategy, market, analysis, negotiation, vp, organization, revenue, growth, leadership, executive, presence, assistant, gather, information, phone, data, entry, regions, operations, across, geographic, territory, relations, online, marketplace, oversee, digital, platforms, vendor, commerce, analytics, demo, specialist, showcase, virtual, presentation, technology, remote, retention, keep, clients, engaged, loyal, feedback, analyst, analyze, reviews, surveys, reporting, host, features, audiences"
science research,"meteorologist, study, weather, pattern, provide, forecasts, analytical, thinking, recognition, communication, data, interpretation, mathematical, reasoning, astronomer, celestial, objects, phenomena, space, research, skills, patience, biologist, living, organisms, biological, processes, problem, solving, attention, detail, scientific, writing, chemist, conduct, chemical, analysis, various, applications, safety, awareness, physicist, matter, energy, interactions, abstract, mathematician, develop, theories, logical, statistician, analyze, statistical, modeling, quantum, computer, algorithms, systems, physics, programming, innovation, paleontologist, fossil, remains, ancient, geological, knowledge, excavation, techniques, use, bioinformatics, specialist, methods, neuroengineering, brain, interface, neural, devices, neuroscience, engineering, dust, create, wireless, monitor, electronics, miniaturization, microbiome, analyst, beneficial, bacteria, human, environment, microbiology, laboratory, gravity, wave, detector, operator, cosmic, gravitational, disturbances, technical, telepathic, time, crystal, materials, repeating, prepare, clean, display, manual, dexterity, digital, wellness, effects, technology, health, behavior, psychology, critical, green, chemistry, environmental, friendly, science, ai, scientist, advanced, artificial, intelligence, machine, learning, deep, methodology, python, publication, technician, tests, experiments, settings, collection, equipment, protocols, assistant, support, projects, activities, literature, review, senior, lead, grant, team, leadership"
security,"security, guard, monitor, protect, property, people, vigilance, communication, problem, solving, stress, management, physical, fitness, locksmith, install, repair, locks, systems, manual, dexterity, attention, detail, customer, service, awareness, premises, ensure, safety, procedures, observation, skills, emergency, response"
social sciences,"political, scientist, study, systems, analyze, behavior, research, skills, analytical, thinking, critical, communication, writing, sociologist, human, society, social, culture, awareness, anthropologist, organization, adaptability, digital, technology, affects, anthropology, data, analysis"
social services,"social, worker, provide, support, services, individuals, families, empathy, communication, problem, solving, advocacy, skills, stress, management, disaster, victim, advocate, affected, natural, crisis, counseling, resource, coordination, virtual, reality, immersive, technology, work, innovation, indigenous, food, sovereignty, promote, traditional, systems, cultural, preservation, awareness, research, need, case"
space science,"space, weather, forecaster, predict, solar, activity, effects, earth, astronomy, data, analysis, mathematical, modeling, research, skills, communication, exoplanet, hunter, search, planets, outside, system, attention, detail"
specialized services,"watchmaker, repair, maintain, timepieces, clocks, manual, dexterity, attention, detail, patience, problem, solving, precision"
sports,"sports, coach, train, athletes, develop, game, strategies, leadership, communication, motivation, strategic, thinking, physical, fitness, trainer, provide, injury, prevention, treatment, assessment, problem, solving, safety, awareness, empathy, competitive, eating, professional, eaters, nutrition, knowledge, skills, psychology, performance, analysis, virtual, reality, use, immersive, technology, improve, innovation"
technology,"software, engineering, development, maintain, web, applications, use, modern, frameworks, problem, solving, logical, reasoning, attention, detail, teams, collaboration, critical, thinking, data, scientist, analyze, large, datasets, extract, business, insights, build, predictive, models, analytics, pattern, recognition, mathematics, research, skills, ux, design, user, friendly, interfaces, improve, experience, creativity, empathy, visual, centered, network, administrator, troubleshooting, computer, systems, technical, patience, devops, implement, ci, cd, pipelines, management, cloud, infrastructure, automation, mindset, continuous, learning, quality, assurance, tester, testing, identify, bug, ensure, systematic, websites, various, programming, languages, adapt, database, integrity, security, awareness, cybersecurity, analyst, monitor, protect, threats, ethical, mobile, app, ios, android, platforms, innovation, product, define, strategy, coordinator, strategic, leadership, communication, market, decisions, making, blockchain, create, decentralized, cryptocurrency, cryptography, distributed, protocols, hacker, vulnerabilities, cryptographer, encryption, holographic, three, dimensional, displays, 3d, optical, physics, vision, virtual, reality, immersive, digital, spatial, artificial, intelligence, trainer, training, machine, science, algorithm, intuitive, principles, psychology, prototyping, consultant, advise, organization, risk, assessment, plan, wearable, technology, smart, devices, health, equipment, electronics, augmented, blend, world, telepresence, robots, operations, control, remote, mining, currency, hardware, energy, twin, replicas, analysis, quantum, specialist, ultra, mechanics, swarm, groups, autonomous, working, together, sensor, precise, measurement, instruments, ai, auditor, evaluate, bias, fairness, accessibility, usability, people, disabilities, standards, voice, speech, accuracy, linguistics, audio, processes, privacy, individuals, online, legal, knowledge, asset, recovery, help, retrieve, lost, files, content, moderator, review, filter, appropriateness, cultural, safe, discussion, spaces, conflict, resolution, events, director, conferences, gatherings, project, builder, grow, shared, interests, goals, social, media, relationship, oversee, launch, inclusive, solutions, customer, study, interaction, satisfaction, ml, python, tensorflow, statistics, architect, comprehensive, enterprise, compliance, owner, roadmap, agile, methodologies, stakeholder, scalable, migration, aws, azure, microservices, cost, optimize, contracts, solidity, web3, javascript, senior, scale, architecture, multiple, lead, big, tools, conduct, inform, methods, provide, expertise, support, sales, success, writer, documentation, writing, understanding, scrum, master, facilitate, validator, track, scripting, sql, backup, performance, tuning, engagement, desk, technician, first, level, end, service, principal, initiatives, advanced, kubernetes, coding, wide, complex, mentoring, head, portfolio, direction, vp, site, reliability, incident, response, junior, guidance, debugging, version, issues, installer, clients, cisco, excellence, delivery, workflows, cross, functions, prompt, nlp, experimentation, conversational, activated, policy, home, set, configure, real, simulation, iot, reporting, personal, coach, lives, verify, labeling, supervisor, tagging, annotation, safety, vr, base, instructional, interview, objectivity, resources, chatbot, flows, assistants, new, account, afar, boost, participation, feedback, collect, manuals, rollouts, officer, advocate, promote, tech, advocacy, ease, journey, map, guidelines, driven, assessor, candidates, job, lifecycle, stages, growth, membership, hacking, localization, global, translation, champion, needs, crisis, handle, emergencies, input, guide, find, scheduler, timelines, beta, try, feature, milestones, check, release, articles, behavior, employee, prioritization, rank, ideas, usage, interpretation, abuse, questions, creation, suggestions, meet, audit, teach, best, practices, dashboard, persona, profiles, posts, describe, saas, marketplace, fraud, detect, prevent, commerce, investigation, enforce, onboarding, setup, qa, deliver, curriculum, drive, increase, loyalty, enhance, campaign, partnerships, negotiation, retention"
tourism,"sustainable, tourism, guide, lead, eco, friendly, travel, experiences, preserving, destinations, environmental, awareness, communication, cultural, knowledge, problem, solving, tour, provide, information, visitors, public, speaking, local, customer, service, walking, standing, virtual, reality, immersive, vr, environments, technology, storytelling, creativity"
transportation,"truck, driver, transport, goods, safely, efficiently, long, distances, safety, awareness, time, management, navigation, stress, physical, stamina, train, conductor, operate, ensure, passengers, communication, attention, detail, responsibility, problem, solving, bus, scheduled, routes, customer, service, patience, taxi, provide, delivery, deliver, packages, courier, fast, documents, ice, road, trucker, frozen, waterways, cold, weather, driving, conditions, assessment, vehicle, maintenance, isolation, tolerance, risk, magnetic, levitation, engineer, design, systems, using, forces, electric, innovation, skills, scooter, mechanic, repair, maintain, bikes, diagnostics"
travel tourism,"travel, agent, plan, book, arrangements, clients, customer, service, organization, communication, research, skills, problem, solving"
urban development,"smart, city, planner, design, technology, integrated, urban, environments, planning, systems, analysis, innovation, strategic, thinking, mobility, transportation, solutions, growing, data, communication"
warehousing,"forklift, operate, move, materials, warehouse, safety, awareness, spatial, attention, detail, physical, coordination, responsibility, management, oversee, inventory, leadership, organization, problem, solving, communication, associate, handle, order, fulfillment, stamina, systems, clerk, track, levels, stock, movements, data, entry, computer, skills"
weather services,"atmospheric, river, forecaster, predict, extreme, weather, patterns, flooding, meteorology, data, analysis, mathematical, modeling, research, skills, communication, storm, chaser, document, severe, phenomena, media, photography, safety, protocols, problem, solving, risk, assessment"
wellness,"digital, detox, coaching, help, individuals, reduce, technology, dependency, overwhelm, counseling, skills, psychology, awareness, communication, goal, setting, meditation, teacher, instruct, groups, mindfulness, practices, training, empathy, teaching, stress, management, sensory, deprivation, tank, operator, maintain, flotation, therapy, equipment, facilities, customer, service, maintenance, safety, protocols, problem, solving, relaxation, techniques, minimalism, people, simplify, lives, screen, time, lifestyle, wellness, develop, healthy, relationships, sound, bath, practitioner, provide, therapeutic, healing, sessions, musical, sabbath, consultant, organizations, implement, breaks, eating, food, nutrition, retreat, leader, lead, free, experiences, event, planning, leadership, outdoor, virtual, reality, guide, immersive, environments, program, coordinator, balance, initiatives, app, users, health, motivation"
